Surface,Ville,Code postale,Prix par mois
47 m²,Houilles,78800,950
56 m²,Castelginest,31780,680
20 m²,Bordeaux,33000,526
20 m²,La Garde,83130,650
30 m²,Dijon,21000,440
86 m²,Sarreguemines,57200,610
40 m²,Havange,57650,520
60 m²,Nantes,44000,937
110 m²,Mulhouse,68100,890
12 m²,Paris,75018,150
28 m²,Rueil-Malmaison,92500,760
135 m²,Plouzévédé,29440,900
40 m²,Le Petit-Quevilly,76140,520
70 m²,Nice,06000,990
80 m²,Wittenheim,68270,750
55 m²,Villeurbanne,69100,550
40 m²,Montélimar,26200,500
45 m²,La Suze-sur-Sarthe,72210,510
49 m²,Hirson,02500,415
53 m²,Masevaux-Niederbruck,68290,530
3 m²,Agde,34300,69
20 m²,Bordeaux,33000,500
29 m²,Troyes,10000,450
85 m²,Valenciennes,59300,589
14 m²,Angers,49000,620
60 m²,Les Abymes,97139,550
41 m²,Saint-Etienne,42100,650
150 m²,Saint-Sever,40500,1200
22 m²,Beauvais,60000,400
50 m²,Le Gosier,97190,890
70 m²,Petit-Bourg,97170,790
20 m²,Saint-François,97118,630
47 m²,Houilles,78800,950
56 m²,Castelginest,31780,680
20 m²,Bordeaux,33000,526
20 m²,La Garde,83130,650
30 m²,Dijon,21000,440
86 m²,Sarreguemines,57200,610
40 m²,Havange,57650,520
60 m²,Nantes,44000,937
110 m²,Mulhouse,68100,890
12 m²,Paris,75018,150
28 m²,Rueil-Malmaison,92500,760
135 m²,Plouzévédé,29440,900
40 m²,Le Petit-Quevilly,76140,520
70 m²,Nice,06000,990
80 m²,Wittenheim,68270,750
55 m²,Villeurbanne,69100,550
40 m²,Montélimar,26200,500
45 m²,La Suze-sur-Sarthe,72210,510
49 m²,Hirson,02500,415
53 m²,Masevaux-Niederbruck,68290,530
3 m²,Agde,34300,69
20 m²,Bordeaux,33000,500
29 m²,Troyes,10000,450
85 m²,Valenciennes,59300,589
14 m²,Angers,49000,620
60 m²,Les Abymes,97139,550
41 m²,Saint-Etienne,42100,650
150 m²,Saint-Sever,40500,1200
22 m²,Beauvais,60000,400
50 m²,Le Gosier,97190,890
70 m²,Petit-Bourg,97170,790
20 m²,Saint-François,97118,630
47 m²,Houilles,78800,950
56 m²,Castelginest,31780,680
20 m²,Bordeaux,33000,526
20 m²,La Garde,83130,650
30 m²,Dijon,21000,440
86 m²,Sarreguemines,57200,610
40 m²,Havange,57650,520
60 m²,Nantes,44000,937
110 m²,Mulhouse,68100,890
12 m²,Paris,75018,150
28 m²,Rueil-Malmaison,92500,760
135 m²,Plouzévédé,29440,900
40 m²,Le Petit-Quevilly,76140,520
70 m²,Nice,06000,990
80 m²,Wittenheim,68270,750
55 m²,Villeurbanne,69100,550
40 m²,Montélimar,26200,500
45 m²,La Suze-sur-Sarthe,72210,510
49 m²,Hirson,02500,415
53 m²,Masevaux-Niederbruck,68290,530
3 m²,Agde,34300,69
20 m²,Bordeaux,33000,500
29 m²,Troyes,10000,450
85 m²,Valenciennes,59300,589
14 m²,Angers,49000,620
60 m²,Les Abymes,97139,550
41 m²,Saint-Etienne,42100,650
150 m²,Saint-Sever,40500,1200
22 m²,Beauvais,60000,400
50 m²,Le Gosier,97190,890
70 m²,Petit-Bourg,97170,790
20 m²,Saint-François,97118,630
47 m²,Houilles,78800,950
56 m²,Castelginest,31780,680
20 m²,Bordeaux,33000,526
20 m²,La Garde,83130,650
30 m²,Dijon,21000,440
86 m²,Sarreguemines,57200,610
40 m²,Havange,57650,520
60 m²,Nantes,44000,937
110 m²,Mulhouse,68100,890
12 m²,Paris,75018,150
28 m²,Rueil-Malmaison,92500,760
135 m²,Plouzévédé,29440,900
40 m²,Le Petit-Quevilly,76140,520
70 m²,Nice,06000,990
80 m²,Wittenheim,68270,750
55 m²,Villeurbanne,69100,550
40 m²,Montélimar,26200,500
45 m²,La Suze-sur-Sarthe,72210,510
49 m²,Hirson,02500,415
53 m²,Masevaux-Niederbruck,68290,530
3 m²,Agde,34300,69
20 m²,Bordeaux,33000,500
29 m²,Troyes,10000,450
85 m²,Valenciennes,59300,589
14 m²,Angers,49000,620
60 m²,Les Abymes,97139,550
41 m²,Saint-Etienne,42100,650
150 m²,Saint-Sever,40500,1200
22 m²,Beauvais,60000,400
50 m²,Le Gosier,97190,890
70 m²,Petit-Bourg,97170,790
20 m²,Saint-François,97118,630
47 m²,Houilles,78800,950
56 m²,Castelginest,31780,680
20 m²,Bordeaux,33000,526
20 m²,La Garde,83130,650
30 m²,Dijon,21000,440
86 m²,Sarreguemines,57200,610
40 m²,Havange,57650,520
60 m²,Nantes,44000,937
110 m²,Mulhouse,68100,890
12 m²,Paris,75018,150
28 m²,Rueil-Malmaison,92500,760
135 m²,Plouzévédé,29440,900
40 m²,Le Petit-Quevilly,76140,520
70 m²,Nice,06000,990
80 m²,Wittenheim,68270,750
55 m²,Villeurbanne,69100,550
40 m²,Montélimar,26200,500
45 m²,La Suze-sur-Sarthe,72210,510
49 m²,Hirson,02500,415
53 m²,Masevaux-Niederbruck,68290,530
3 m²,Agde,34300,69
20 m²,Bordeaux,33000,500
29 m²,Troyes,10000,450
85 m²,Valenciennes,59300,589
14 m²,Angers,49000,620
60 m²,Les Abymes,97139,550
41 m²,Saint-Etienne,42100,650
150 m²,Saint-Sever,40500,1200
22 m²,Beauvais,60000,400
50 m²,Le Gosier,97190,890
70 m²,Petit-Bourg,97170,790
20 m²,Saint-François,97118,630
47 m²,Houilles,78800,950
56 m²,Castelginest,31780,680
20 m²,Bordeaux,33000,526
20 m²,La Garde,83130,650
30 m²,Dijon,21000,440
86 m²,Sarreguemines,57200,610
40 m²,Havange,57650,520
60 m²,Nantes,44000,937
110 m²,Mulhouse,68100,890
12 m²,Paris,75018,150
28 m²,Rueil-Malmaison,92500,760
135 m²,Plouzévédé,29440,900
40 m²,Le Petit-Quevilly,76140,520
70 m²,Nice,06000,990
80 m²,Wittenheim,68270,750
55 m²,Villeurbanne,69100,550
40 m²,Montélimar,26200,500
45 m²,La Suze-sur-Sarthe,72210,510
49 m²,Hirson,02500,415
53 m²,Masevaux-Niederbruck,68290,530
3 m²,Agde,34300,69
20 m²,Bordeaux,33000,500
29 m²,Troyes,10000,450
85 m²,Valenciennes,59300,589
14 m²,Angers,49000,620
60 m²,Les Abymes,97139,550
41 m²,Saint-Etienne,42100,650
150 m²,Saint-Sever,40500,1200
22 m²,Beauvais,60000,400
50 m²,Le Gosier,97190,890
70 m²,Petit-Bourg,97170,790
20 m²,Saint-François,97118,630
47 m²,Houilles,78800,950
56 m²,Castelginest,31780,680
20 m²,Bordeaux,33000,526
20 m²,La Garde,83130,650
30 m²,Dijon,21000,440
86 m²,Sarreguemines,57200,610
40 m²,Havange,57650,520
60 m²,Nantes,44000,937
110 m²,Mulhouse,68100,890
12 m²,Paris,75018,150
28 m²,Rueil-Malmaison,92500,760
135 m²,Plouzévédé,29440,900
40 m²,Le Petit-Quevilly,76140,520
70 m²,Nice,06000,990
80 m²,Wittenheim,68270,750
55 m²,Villeurbanne,69100,550
40 m²,Montélimar,26200,500
45 m²,La Suze-sur-Sarthe,72210,510
49 m²,Hirson,02500,415
53 m²,Masevaux-Niederbruck,68290,530
3 m²,Agde,34300,69
20 m²,Bordeaux,33000,500
29 m²,Troyes,10000,450
85 m²,Valenciennes,59300,589
14 m²,Angers,49000,620
60 m²,Les Abymes,97139,550
41 m²,Saint-Etienne,42100,650
150 m²,Saint-Sever,40500,1200
22 m²,Beauvais,60000,400
50 m²,Le Gosier,97190,890
70 m²,Petit-Bourg,97170,790
20 m²,Saint-François,97118,630
47 m²,Houilles,78800,950
56 m²,Castelginest,31780,680
20 m²,Bordeaux,33000,526
20 m²,La Garde,83130,650
30 m²,Dijon,21000,440
86 m²,Sarreguemines,57200,610
40 m²,Havange,57650,520
60 m²,Nantes,44000,937
110 m²,Mulhouse,68100,890
12 m²,Paris,75018,150
28 m²,Rueil-Malmaison,92500,760
135 m²,Plouzévédé,29440,900
40 m²,Le Petit-Quevilly,76140,520
70 m²,Nice,06000,990
80 m²,Wittenheim,68270,750
55 m²,Villeurbanne,69100,550
40 m²,Montélimar,26200,500
45 m²,La Suze-sur-Sarthe,72210,510
49 m²,Hirson,02500,415
53 m²,Masevaux-Niederbruck,68290,530
3 m²,Agde,34300,69
20 m²,Bordeaux,33000,500
29 m²,Troyes,10000,450
85 m²,Valenciennes,59300,589
14 m²,Angers,49000,620
60 m²,Les Abymes,97139,550
41 m²,Saint-Etienne,42100,650
150 m²,Saint-Sever,40500,1200
22 m²,Beauvais,60000,400
50 m²,Le Gosier,97190,890
70 m²,Petit-Bourg,97170,790
20 m²,Saint-François,97118,630
47 m²,Houilles,78800,950
56 m²,Castelginest,31780,680
20 m²,Bordeaux,33000,526
20 m²,La Garde,83130,650
30 m²,Dijon,21000,440
86 m²,Sarreguemines,57200,610
40 m²,Havange,57650,520
60 m²,Nantes,44000,937
110 m²,Mulhouse,68100,890
12 m²,Paris,75018,150
28 m²,Rueil-Malmaison,92500,760
135 m²,Plouzévédé,29440,900
40 m²,Le Petit-Quevilly,76140,520
70 m²,Nice,06000,990
80 m²,Wittenheim,68270,750
55 m²,Villeurbanne,69100,550
40 m²,Montélimar,26200,500
45 m²,La Suze-sur-Sarthe,72210,510
49 m²,Hirson,02500,415
53 m²,Masevaux-Niederbruck,68290,530
3 m²,Agde,34300,69
20 m²,Bordeaux,33000,500
29 m²,Troyes,10000,450
85 m²,Valenciennes,59300,589
14 m²,Angers,49000,620
60 m²,Les Abymes,97139,550
41 m²,Saint-Etienne,42100,650
150 m²,Saint-Sever,40500,1200
22 m²,Beauvais,60000,400
50 m²,Le Gosier,97190,890
70 m²,Petit-Bourg,97170,790
20 m²,Saint-François,97118,630
47 m²,Houilles,78800,950
56 m²,Castelginest,31780,680
20 m²,Bordeaux,33000,526
20 m²,La Garde,83130,650
30 m²,Dijon,21000,440
86 m²,Sarreguemines,57200,610
40 m²,Havange,57650,520
60 m²,Nantes,44000,937
110 m²,Mulhouse,68100,890
12 m²,Paris,75018,150
28 m²,Rueil-Malmaison,92500,760
135 m²,Plouzévédé,29440,900
40 m²,Le Petit-Quevilly,76140,520
70 m²,Nice,06000,990
80 m²,Wittenheim,68270,750
55 m²,Villeurbanne,69100,550
40 m²,Montélimar,26200,500
45 m²,La Suze-sur-Sarthe,72210,510
49 m²,Hirson,02500,415
53 m²,Masevaux-Niederbruck,68290,530
3 m²,Agde,34300,69
20 m²,Bordeaux,33000,500
29 m²,Troyes,10000,450
85 m²,Valenciennes,59300,589
14 m²,Angers,49000,620
60 m²,Les Abymes,97139,550
41 m²,Saint-Etienne,42100,650
150 m²,Saint-Sever,40500,1200
22 m²,Beauvais,60000,400
50 m²,Le Gosier,97190,890
70 m²,Petit-Bourg,97170,790
20 m²,Saint-François,97118,630
47 m²,Houilles,78800,950
56 m²,Castelginest,31780,680
20 m²,Bordeaux,33000,526
20 m²,La Garde,83130,650
30 m²,Dijon,21000,440
86 m²,Sarreguemines,57200,610
40 m²,Havange,57650,520
60 m²,Nantes,44000,937
110 m²,Mulhouse,68100,890
12 m²,Paris,75018,150
28 m²,Rueil-Malmaison,92500,760
135 m²,Plouzévédé,29440,900
40 m²,Le Petit-Quevilly,76140,520
70 m²,Nice,06000,990
80 m²,Wittenheim,68270,750
55 m²,Villeurbanne,69100,550
40 m²,Montélimar,26200,500
45 m²,La Suze-sur-Sarthe,72210,510
49 m²,Hirson,02500,415
53 m²,Masevaux-Niederbruck,68290,530
3 m²,Agde,34300,69
20 m²,Bordeaux,33000,500
29 m²,Troyes,10000,450
85 m²,Valenciennes,59300,589
14 m²,Angers,49000,620
60 m²,Les Abymes,97139,550
41 m²,Saint-Etienne,42100,650
150 m²,Saint-Sever,40500,1200
22 m²,Beauvais,60000,400
50 m²,Le Gosier,97190,890
70 m²,Petit-Bourg,97170,790
20 m²,Saint-François,97118,630
47 m²,Houilles,78800,950
56 m²,Castelginest,31780,680
20 m²,Bordeaux,33000,526
20 m²,La Garde,83130,650
30 m²,Dijon,21000,440
86 m²,Sarreguemines,57200,610
40 m²,Havange,57650,520
60 m²,Nantes,44000,937
110 m²,Mulhouse,68100,890
12 m²,Paris,75018,150
28 m²,Rueil-Malmaison,92500,760
135 m²,Plouzévédé,29440,900
40 m²,Le Petit-Quevilly,76140,520
70 m²,Nice,06000,990
80 m²,Wittenheim,68270,750
55 m²,Villeurbanne,69100,550
40 m²,Montélimar,26200,500
45 m²,La Suze-sur-Sarthe,72210,510
49 m²,Hirson,02500,415
53 m²,Masevaux-Niederbruck,68290,530
3 m²,Agde,34300,69
20 m²,Bordeaux,33000,500
29 m²,Troyes,10000,450
85 m²,Valenciennes,59300,589
14 m²,Angers,49000,620
60 m²,Les Abymes,97139,550
41 m²,Saint-Etienne,42100,650
150 m²,Saint-Sever,40500,1200
22 m²,Beauvais,60000,400
50 m²,Le Gosier,97190,890
70 m²,Petit-Bourg,97170,790
20 m²,Saint-François,97118,630
47 m²,Houilles,78800,950
56 m²,Castelginest,31780,680
20 m²,Bordeaux,33000,526
20 m²,La Garde,83130,650
30 m²,Dijon,21000,440
86 m²,Sarreguemines,57200,610
40 m²,Havange,57650,520
60 m²,Nantes,44000,937
110 m²,Mulhouse,68100,890
12 m²,Paris,75018,150
28 m²,Rueil-Malmaison,92500,760
135 m²,Plouzévédé,29440,900
40 m²,Le Petit-Quevilly,76140,520
70 m²,Nice,06000,990
80 m²,Wittenheim,68270,750
55 m²,Villeurbanne,69100,550
40 m²,Montélimar,26200,500
45 m²,La Suze-sur-Sarthe,72210,510
49 m²,Hirson,02500,415
53 m²,Masevaux-Niederbruck,68290,530
3 m²,Agde,34300,69
20 m²,Bordeaux,33000,500
29 m²,Troyes,10000,450
85 m²,Valenciennes,59300,589
14 m²,Angers,49000,620
60 m²,Les Abymes,97139,550
41 m²,Saint-Etienne,42100,650
150 m²,Saint-Sever,40500,1200
22 m²,Beauvais,60000,400
50 m²,Le Gosier,97190,890
70 m²,Petit-Bourg,97170,790
20 m²,Saint-François,97118,630
47 m²,Houilles,78800,950
56 m²,Castelginest,31780,680
20 m²,Bordeaux,33000,526
20 m²,La Garde,83130,650
30 m²,Dijon,21000,440
86 m²,Sarreguemines,57200,610
40 m²,Havange,57650,520
60 m²,Nantes,44000,937
110 m²,Mulhouse,68100,890
12 m²,Paris,75018,150
28 m²,Rueil-Malmaison,92500,760
135 m²,Plouzévédé,29440,900
40 m²,Le Petit-Quevilly,76140,520
70 m²,Nice,06000,990
80 m²,Wittenheim,68270,750
55 m²,Villeurbanne,69100,550
40 m²,Montélimar,26200,500
45 m²,La Suze-sur-Sarthe,72210,510
49 m²,Hirson,02500,415
53 m²,Masevaux-Niederbruck,68290,530
3 m²,Agde,34300,69
20 m²,Bordeaux,33000,500
29 m²,Troyes,10000,450
85 m²,Valenciennes,59300,589
14 m²,Angers,49000,620
60 m²,Les Abymes,97139,550
41 m²,Saint-Etienne,42100,650
150 m²,Saint-Sever,40500,1200
22 m²,Beauvais,60000,400
50 m²,Le Gosier,97190,890
70 m²,Petit-Bourg,97170,790
20 m²,Saint-François,97118,630
47 m²,Houilles,78800,950
56 m²,Castelginest,31780,680
20 m²,Bordeaux,33000,526
20 m²,La Garde,83130,650
30 m²,Dijon,21000,440
86 m²,Sarreguemines,57200,610
40 m²,Havange,57650,520
60 m²,Nantes,44000,937
110 m²,Mulhouse,68100,890
12 m²,Paris,75018,150
28 m²,Rueil-Malmaison,92500,760
135 m²,Plouzévédé,29440,900
40 m²,Le Petit-Quevilly,76140,520
70 m²,Nice,06000,990
80 m²,Wittenheim,68270,750
55 m²,Villeurbanne,69100,550
40 m²,Montélimar,26200,500
45 m²,La Suze-sur-Sarthe,72210,510
49 m²,Hirson,02500,415
53 m²,Masevaux-Niederbruck,68290,530
3 m²,Agde,34300,69
20 m²,Bordeaux,33000,500
29 m²,Troyes,10000,450
85 m²,Valenciennes,59300,589
14 m²,Angers,49000,620
60 m²,Les Abymes,97139,550
41 m²,Saint-Etienne,42100,650
150 m²,Saint-Sever,40500,1200
22 m²,Beauvais,60000,400
50 m²,Le Gosier,97190,890
70 m²,Petit-Bourg,97170,790
20 m²,Saint-François,97118,630
47 m²,Houilles,78800,950
56 m²,Castelginest,31780,680
20 m²,Bordeaux,33000,526
20 m²,La Garde,83130,650
30 m²,Dijon,21000,440
86 m²,Sarreguemines,57200,610
40 m²,Havange,57650,520
60 m²,Nantes,44000,937
110 m²,Mulhouse,68100,890
12 m²,Paris,75018,150
28 m²,Rueil-Malmaison,92500,760
135 m²,Plouzévédé,29440,900
40 m²,Le Petit-Quevilly,76140,520
70 m²,Nice,06000,990
80 m²,Wittenheim,68270,750
55 m²,Villeurbanne,69100,550
40 m²,Montélimar,26200,500
45 m²,La Suze-sur-Sarthe,72210,510
49 m²,Hirson,02500,415
53 m²,Masevaux-Niederbruck,68290,530
3 m²,Agde,34300,69
20 m²,Bordeaux,33000,500
29 m²,Troyes,10000,450
85 m²,Valenciennes,59300,589
14 m²,Angers,49000,620
60 m²,Les Abymes,97139,550
41 m²,Saint-Etienne,42100,650
150 m²,Saint-Sever,40500,1200
22 m²,Beauvais,60000,400
50 m²,Le Gosier,97190,890
70 m²,Petit-Bourg,97170,790
20 m²,Saint-François,97118,630
47 m²,Houilles,78800,950
56 m²,Castelginest,31780,680
20 m²,Bordeaux,33000,526
20 m²,La Garde,83130,650
30 m²,Dijon,21000,440
86 m²,Sarreguemines,57200,610
40 m²,Havange,57650,520
60 m²,Nantes,44000,937
110 m²,Mulhouse,68100,890
12 m²,Paris,75018,150
28 m²,Rueil-Malmaison,92500,760
135 m²,Plouzévédé,29440,900
40 m²,Le Petit-Quevilly,76140,520
70 m²,Nice,06000,990
80 m²,Wittenheim,68270,750
55 m²,Villeurbanne,69100,550
40 m²,Montélimar,26200,500
45 m²,La Suze-sur-Sarthe,72210,510
49 m²,Hirson,02500,415
53 m²,Masevaux-Niederbruck,68290,530
3 m²,Agde,34300,69
20 m²,Bordeaux,33000,500
29 m²,Troyes,10000,450
85 m²,Valenciennes,59300,589
14 m²,Angers,49000,620
60 m²,Les Abymes,97139,550
41 m²,Saint-Etienne,42100,650
150 m²,Saint-Sever,40500,1200
22 m²,Beauvais,60000,400
50 m²,Le Gosier,97190,890
70 m²,Petit-Bourg,97170,790
20 m²,Saint-François,97118,630
47 m²,Houilles,78800,950
56 m²,Castelginest,31780,680
20 m²,Bordeaux,33000,526
20 m²,La Garde,83130,650
30 m²,Dijon,21000,440
86 m²,Sarreguemines,57200,610
40 m²,Havange,57650,520
60 m²,Nantes,44000,937
110 m²,Mulhouse,68100,890
12 m²,Paris,75018,150
28 m²,Rueil-Malmaison,92500,760
135 m²,Plouzévédé,29440,900
40 m²,Le Petit-Quevilly,76140,520
70 m²,Nice,06000,990
80 m²,Wittenheim,68270,750
55 m²,Villeurbanne,69100,550
40 m²,Montélimar,26200,500
45 m²,La Suze-sur-Sarthe,72210,510
49 m²,Hirson,02500,415
53 m²,Masevaux-Niederbruck,68290,530
3 m²,Agde,34300,69
20 m²,Bordeaux,33000,500
29 m²,Troyes,10000,450
85 m²,Valenciennes,59300,589
14 m²,Angers,49000,620
60 m²,Les Abymes,97139,550
41 m²,Saint-Etienne,42100,650
150 m²,Saint-Sever,40500,1200
22 m²,Beauvais,60000,400
50 m²,Le Gosier,97190,890
70 m²,Petit-Bourg,97170,790
20 m²,Saint-François,97118,630
47 m²,Houilles,78800,950
56 m²,Castelginest,31780,680
20 m²,Bordeaux,33000,526
20 m²,La Garde,83130,650
30 m²,Dijon,21000,440
86 m²,Sarreguemines,57200,610
40 m²,Havange,57650,520
60 m²,Nantes,44000,937
110 m²,Mulhouse,68100,890
12 m²,Paris,75018,150
28 m²,Rueil-Malmaison,92500,760
135 m²,Plouzévédé,29440,900
40 m²,Le Petit-Quevilly,76140,520
70 m²,Nice,06000,990
80 m²,Wittenheim,68270,750
55 m²,Villeurbanne,69100,550
40 m²,Montélimar,26200,500
45 m²,La Suze-sur-Sarthe,72210,510
49 m²,Hirson,02500,415
53 m²,Masevaux-Niederbruck,68290,530
3 m²,Agde,34300,69
20 m²,Bordeaux,33000,500
29 m²,Troyes,10000,450
85 m²,Valenciennes,59300,589
14 m²,Angers,49000,620
60 m²,Les Abymes,97139,550
41 m²,Saint-Etienne,42100,650
150 m²,Saint-Sever,40500,1200
22 m²,Beauvais,60000,400
50 m²,Le Gosier,97190,890
70 m²,Petit-Bourg,97170,790
20 m²,Saint-François,97118,630
47 m²,Houilles,78800,950
56 m²,Castelginest,31780,680
20 m²,Bordeaux,33000,526
20 m²,La Garde,83130,650
30 m²,Dijon,21000,440
86 m²,Sarreguemines,57200,610
40 m²,Havange,57650,520
60 m²,Nantes,44000,937
110 m²,Mulhouse,68100,890
12 m²,Paris,75018,150
28 m²,Rueil-Malmaison,92500,760
135 m²,Plouzévédé,29440,900
40 m²,Le Petit-Quevilly,76140,520
70 m²,Nice,06000,990
80 m²,Wittenheim,68270,750
55 m²,Villeurbanne,69100,550
40 m²,Montélimar,26200,500
45 m²,La Suze-sur-Sarthe,72210,510
49 m²,Hirson,02500,415
53 m²,Masevaux-Niederbruck,68290,530
3 m²,Agde,34300,69
20 m²,Bordeaux,33000,500
29 m²,Troyes,10000,450
85 m²,Valenciennes,59300,589
14 m²,Angers,49000,620
60 m²,Les Abymes,97139,550
41 m²,Saint-Etienne,42100,650
150 m²,Saint-Sever,40500,1200
22 m²,Beauvais,60000,400
50 m²,Le Gosier,97190,890
70 m²,Petit-Bourg,97170,790
20 m²,Saint-François,97118,630
47 m²,Houilles,78800,950
56 m²,Castelginest,31780,680
20 m²,Bordeaux,33000,526
20 m²,La Garde,83130,650
30 m²,Dijon,21000,440
86 m²,Sarreguemines,57200,610
40 m²,Havange,57650,520
60 m²,Nantes,44000,937
110 m²,Mulhouse,68100,890
12 m²,Paris,75018,150
28 m²,Rueil-Malmaison,92500,760
135 m²,Plouzévédé,29440,900
40 m²,Le Petit-Quevilly,76140,520
70 m²,Nice,06000,990
80 m²,Wittenheim,68270,750
55 m²,Villeurbanne,69100,550
40 m²,Montélimar,26200,500
45 m²,La Suze-sur-Sarthe,72210,510
49 m²,Hirson,02500,415
53 m²,Masevaux-Niederbruck,68290,530
3 m²,Agde,34300,69
20 m²,Bordeaux,33000,500
29 m²,Troyes,10000,450
85 m²,Valenciennes,59300,589
14 m²,Angers,49000,620
60 m²,Les Abymes,97139,550
41 m²,Saint-Etienne,42100,650
150 m²,Saint-Sever,40500,1200
22 m²,Beauvais,60000,400
50 m²,Le Gosier,97190,890
70 m²,Petit-Bourg,97170,790
20 m²,Saint-François,97118,630
47 m²,Houilles,78800,950
56 m²,Castelginest,31780,680
20 m²,Bordeaux,33000,526
20 m²,La Garde,83130,650
30 m²,Dijon,21000,440
86 m²,Sarreguemines,57200,610
40 m²,Havange,57650,520
60 m²,Nantes,44000,937
110 m²,Mulhouse,68100,890
12 m²,Paris,75018,150
28 m²,Rueil-Malmaison,92500,760
135 m²,Plouzévédé,29440,900
40 m²,Le Petit-Quevilly,76140,520
70 m²,Nice,06000,990
80 m²,Wittenheim,68270,750
55 m²,Villeurbanne,69100,550
40 m²,Montélimar,26200,500
45 m²,La Suze-sur-Sarthe,72210,510
49 m²,Hirson,02500,415
53 m²,Masevaux-Niederbruck,68290,530
3 m²,Agde,34300,69
20 m²,Bordeaux,33000,500
29 m²,Troyes,10000,450
85 m²,Valenciennes,59300,589
14 m²,Angers,49000,620
60 m²,Les Abymes,97139,550
41 m²,Saint-Etienne,42100,650
150 m²,Saint-Sever,40500,1200
22 m²,Beauvais,60000,400
50 m²,Le Gosier,97190,890
70 m²,Petit-Bourg,97170,790
20 m²,Saint-François,97118,630
47 m²,Houilles,78800,950
56 m²,Castelginest,31780,680
20 m²,Bordeaux,33000,526
20 m²,La Garde,83130,650
30 m²,Dijon,21000,440
86 m²,Sarreguemines,57200,610
40 m²,Havange,57650,520
60 m²,Nantes,44000,937
110 m²,Mulhouse,68100,890
12 m²,Paris,75018,150
28 m²,Rueil-Malmaison,92500,760
135 m²,Plouzévédé,29440,900
40 m²,Le Petit-Quevilly,76140,520
70 m²,Nice,06000,990
80 m²,Wittenheim,68270,750
55 m²,Villeurbanne,69100,550
40 m²,Montélimar,26200,500
45 m²,La Suze-sur-Sarthe,72210,510
49 m²,Hirson,02500,415
53 m²,Masevaux-Niederbruck,68290,530
3 m²,Agde,34300,69
20 m²,Bordeaux,33000,500
29 m²,Troyes,10000,450
85 m²,Valenciennes,59300,589
14 m²,Angers,49000,620
60 m²,Les Abymes,97139,550
41 m²,Saint-Etienne,42100,650
150 m²,Saint-Sever,40500,1200
22 m²,Beauvais,60000,400
50 m²,Le Gosier,97190,890
70 m²,Petit-Bourg,97170,790
20 m²,Saint-François,97118,630
47 m²,Houilles,78800,950
56 m²,Castelginest,31780,680
20 m²,Bordeaux,33000,526
20 m²,La Garde,83130,650
30 m²,Dijon,21000,440
86 m²,Sarreguemines,57200,610
40 m²,Havange,57650,520
60 m²,Nantes,44000,937
110 m²,Mulhouse,68100,890
12 m²,Paris,75018,150
28 m²,Rueil-Malmaison,92500,760
135 m²,Plouzévédé,29440,900
40 m²,Le Petit-Quevilly,76140,520
70 m²,Nice,06000,990
80 m²,Wittenheim,68270,750
55 m²,Villeurbanne,69100,550
40 m²,Montélimar,26200,500
45 m²,La Suze-sur-Sarthe,72210,510
49 m²,Hirson,02500,415
53 m²,Masevaux-Niederbruck,68290,530
3 m²,Agde,34300,69
20 m²,Bordeaux,33000,500
29 m²,Troyes,10000,450
85 m²,Valenciennes,59300,589
14 m²,Angers,49000,620
60 m²,Les Abymes,97139,550
41 m²,Saint-Etienne,42100,650
150 m²,Saint-Sever,40500,1200
22 m²,Beauvais,60000,400
50 m²,Le Gosier,97190,890
70 m²,Petit-Bourg,97170,790
20 m²,Saint-François,97118,630
47 m²,Houilles,78800,950
56 m²,Castelginest,31780,680
20 m²,Bordeaux,33000,526
20 m²,La Garde,83130,650
30 m²,Dijon,21000,440
86 m²,Sarreguemines,57200,610
40 m²,Havange,57650,520
60 m²,Nantes,44000,937
110 m²,Mulhouse,68100,890
12 m²,Paris,75018,150
28 m²,Rueil-Malmaison,92500,760
135 m²,Plouzévédé,29440,900
40 m²,Le Petit-Quevilly,76140,520
70 m²,Nice,06000,990
80 m²,Wittenheim,68270,750
55 m²,Villeurbanne,69100,550
40 m²,Montélimar,26200,500
45 m²,La Suze-sur-Sarthe,72210,510
49 m²,Hirson,02500,415
53 m²,Masevaux-Niederbruck,68290,530
3 m²,Agde,34300,69
20 m²,Bordeaux,33000,500
29 m²,Troyes,10000,450
85 m²,Valenciennes,59300,589
14 m²,Angers,49000,620
60 m²,Les Abymes,97139,550
41 m²,Saint-Etienne,42100,650
150 m²,Saint-Sever,40500,1200
22 m²,Beauvais,60000,400
50 m²,Le Gosier,97190,890
70 m²,Petit-Bourg,97170,790
20 m²,Saint-François,97118,630
47 m²,Houilles,78800,950
56 m²,Castelginest,31780,680
20 m²,Bordeaux,33000,526
20 m²,La Garde,83130,650
30 m²,Dijon,21000,440
86 m²,Sarreguemines,57200,610
40 m²,Havange,57650,520
60 m²,Nantes,44000,937
110 m²,Mulhouse,68100,890
12 m²,Paris,75018,150
28 m²,Rueil-Malmaison,92500,760
135 m²,Plouzévédé,29440,900
40 m²,Le Petit-Quevilly,76140,520
70 m²,Nice,06000,990
80 m²,Wittenheim,68270,750
55 m²,Villeurbanne,69100,550
40 m²,Montélimar,26200,500
45 m²,La Suze-sur-Sarthe,72210,510
49 m²,Hirson,02500,415
53 m²,Masevaux-Niederbruck,68290,530
3 m²,Agde,34300,69
20 m²,Bordeaux,33000,500
29 m²,Troyes,10000,450
85 m²,Valenciennes,59300,589
14 m²,Angers,49000,620
60 m²,Les Abymes,97139,550
41 m²,Saint-Etienne,42100,650
150 m²,Saint-Sever,40500,1200
22 m²,Beauvais,60000,400
50 m²,Le Gosier,97190,890
70 m²,Petit-Bourg,97170,790
20 m²,Saint-François,97118,630
47 m²,Houilles,78800,950
56 m²,Castelginest,31780,680
20 m²,Bordeaux,33000,526
20 m²,La Garde,83130,650
30 m²,Dijon,21000,440
86 m²,Sarreguemines,57200,610
40 m²,Havange,57650,520
60 m²,Nantes,44000,937
110 m²,Mulhouse,68100,890
12 m²,Paris,75018,150
28 m²,Rueil-Malmaison,92500,760
135 m²,Plouzévédé,29440,900
40 m²,Le Petit-Quevilly,76140,520
70 m²,Nice,06000,990
80 m²,Wittenheim,68270,750
55 m²,Villeurbanne,69100,550
40 m²,Montélimar,26200,500
45 m²,La Suze-sur-Sarthe,72210,510
49 m²,Hirson,02500,415
53 m²,Masevaux-Niederbruck,68290,530
3 m²,Agde,34300,69
20 m²,Bordeaux,33000,500
29 m²,Troyes,10000,450
85 m²,Valenciennes,59300,589
14 m²,Angers,49000,620
60 m²,Les Abymes,97139,550
41 m²,Saint-Etienne,42100,650
150 m²,Saint-Sever,40500,1200
22 m²,Beauvais,60000,400
50 m²,Le Gosier,97190,890
70 m²,Petit-Bourg,97170,790
20 m²,Saint-François,97118,630
47 m²,Houilles,78800,950
56 m²,Castelginest,31780,680
20 m²,Bordeaux,33000,526
20 m²,La Garde,83130,650
30 m²,Dijon,21000,440
86 m²,Sarreguemines,57200,610
40 m²,Havange,57650,520
60 m²,Nantes,44000,937
110 m²,Mulhouse,68100,890
12 m²,Paris,75018,150
28 m²,Rueil-Malmaison,92500,760
135 m²,Plouzévédé,29440,900
40 m²,Le Petit-Quevilly,76140,520
70 m²,Nice,06000,990
80 m²,Wittenheim,68270,750
55 m²,Villeurbanne,69100,550
40 m²,Montélimar,26200,500
45 m²,La Suze-sur-Sarthe,72210,510
49 m²,Hirson,02500,415
53 m²,Masevaux-Niederbruck,68290,530
3 m²,Agde,34300,69
20 m²,Bordeaux,33000,500
29 m²,Troyes,10000,450
85 m²,Valenciennes,59300,589
14 m²,Angers,49000,620
60 m²,Les Abymes,97139,550
41 m²,Saint-Etienne,42100,650
150 m²,Saint-Sever,40500,1200
22 m²,Beauvais,60000,400
50 m²,Le Gosier,97190,890
70 m²,Petit-Bourg,97170,790
20 m²,Saint-François,97118,630
47 m²,Houilles,78800,950
56 m²,Castelginest,31780,680
20 m²,Bordeaux,33000,526
20 m²,La Garde,83130,650
30 m²,Dijon,21000,440
86 m²,Sarreguemines,57200,610
40 m²,Havange,57650,520
60 m²,Nantes,44000,937
110 m²,Mulhouse,68100,890
12 m²,Paris,75018,150
28 m²,Rueil-Malmaison,92500,760
135 m²,Plouzévédé,29440,900
40 m²,Le Petit-Quevilly,76140,520
70 m²,Nice,06000,990
80 m²,Wittenheim,68270,750
55 m²,Villeurbanne,69100,550
40 m²,Montélimar,26200,500
45 m²,La Suze-sur-Sarthe,72210,510
49 m²,Hirson,02500,415
53 m²,Masevaux-Niederbruck,68290,530
3 m²,Agde,34300,69
20 m²,Bordeaux,33000,500
29 m²,Troyes,10000,450
85 m²,Valenciennes,59300,589
14 m²,Angers,49000,620
60 m²,Les Abymes,97139,550
41 m²,Saint-Etienne,42100,650
150 m²,Saint-Sever,40500,1200
22 m²,Beauvais,60000,400
50 m²,Le Gosier,97190,890
70 m²,Petit-Bourg,97170,790
20 m²,Saint-François,97118,630
